email,username,domain,source,password_hash
foxtrot8220@inbox.net,nebula151,,DemoSite-2019,5f4dcc3b5aa765d61d8327deb882cf99
mike2628@sample.io,drift916,,DemoSite-2019,5f4dcc3b5aa765d61d8327deb882cf99
november7143@post.org,cipher224,,DemoSite-2019,5f4dcc3b5aa765d61d8327deb882cf99
sierra8313@example.dev,pixel286,,DemoSite-2019,5f4dcc3b5aa765d61d8327deb882cf99
mike4557@sample.io,skyline199,,DemoSite-2019,5f4dcc3b5aa765d61d8327deb882cf99
romeo1939@post.org,nebula92,,DemoSite-2019,5f4dcc3b5aa765d61d8327deb882cf99
whiskey3609@inbox.net,flux604,,DemoSite-2019,5f4dcc3b5aa765d61d8327deb882cf99
echo8633@inbox.net,pixel154,,DemoSite-2019,5f4dcc3b5aa765d61d8327deb882cf99
quebec388@sample.io,vortex508,,DemoSite-2019,5f4dcc3b5aa765d61d8327deb882cf99
romeo3925@sample.io,quantum128,,DemoSite-2019,5f4dcc3b5aa765d61d8327deb882cf99
xray2312@inbox.net,byte914,,DemoSite-2019,5f4dcc3b5aa765d61d8327deb882cf99
alfa186@inbox.net,flux871,,DemoSite-2019,5f4dcc3b5aa765d61d8327deb882cf99
